;mack;date_publish;price_adjustment;price_closing;rate_of_change;gdkl_kl;gdkl_gt;gdtt_kl;gdtt_gt;price_open;price_highest;price_lowest
1;CMX;2020-12-31;14.23;17.90;1.15 (6.87 %);2.664.790;46907000000;0;0;16.80;17.90;16.80
2;CMX;2021-01-04;14.43;18.15;0.25 (1.40 %);761.8;13818000000;0;0;18.30;18.40;17.90
3;CMX;2021-01-05;14.95;18.80;0.65 (3.58 %);1.077.100;19823000000;0;0;18.30;19.00;17.90
4;CMX;2021-01-06;14.51;18.25;-0.55 (-2.93 %);1.008.200;18649000000;0;0;18.80;18.95;18.20
5;CMX;2021-01-07;15.18;19.10;0.85 (4.66 %);1.102.200;20469000000;0;0;18.30;19.10;18.10
6;CMX;2021-01-08;14.87;18.70;-0.40 (-2.09 %);783.2;15000000000;0;0;19.20;19.60;18.40
7;CMX;2021-01-11;14.95;18.80;0.10 (0.53 %);546.9;10169000000;0;0;18.70;19.00;18.35
8;CMX;2021-01-12;15.30;19.25;0.45 (2.39 %);822.4;15613000000;0;0;18.80;19.30;18.50
9;CMX;2021-01-13;15.26;19.20;-0.05 (-0.26 %);1.093.600;21505000000;0;0;19.40;20.00;18.90
10;CMX;2021-01-14;15.26;19.20;0.00 (0.00 %);560.9;10767000000;0;0;19.30;19.60;19.00
11;CMX;2021-01-15;15.03;18.90;-0.30 (-1.56 %);786.3;14930000000;0;0;19.25;19.30;18.70
12;CMX;2021-01-18;14.71;18.50;-0.40 (-2.12 %);858.4;15998000000;0;0;18.60;18.90;18.45
13;CMX;2021-01-19;13.71;17.25;-1.25 (-6.76 %);863.9;15456000000;0;0;18.40;18.70;17.25
14;CMX;2021-01-20;13.12;16.50;-0.75 (-4.35 %);734.6;12058000000;0;0;16.95;17.15;16.05
15;CMX;2021-01-21;13.83;17.40;0.90 (5.45 %);427.2;7207000000;0;0;17.00;17.50;16.45
16;CMX;2021-01-22;13.48;16.95;-0.45 (-2.59 %);518.9;8882000000;0;0;17.10;17.35;16.90
17;CMX;2021-01-25;13.44;16.90;-0.05 (-0.29 %);477;7943000000;0;0;16.70;16.95;16.40
18;CMX;2021-01-26;12.88;16.20;-0.70 (-4.14 %);355.6;5785000000;0;0;16.70;16.90;15.85
19;CMX;2021-01-27;12.12;15.25;-0.95 (-5.86 %);608.8;9439000000;0;0;15.90;16.10;15.10
20;CMX;2021-01-28;11.29;14.20;-1.05 (-6.89 %);538.5;7654000000;0;0;14.20;14.50;14.20
21;CMX;2021-01-29;11.77;14.80;0.60 (4.23 %);366.7;5150000000;0;0;13.25;14.90;13.25
22;CMX;2021-02-01;11.25;14.15;-0.65 (-4.39 %);275.9;3957000000;0;0;14.80;14.80;14.10
23;CMX;2021-02-02;11.37;14.30;0.15 (1.06 %);205.9;2907000000;0;0;14.05;14.30;13.90
24;CMX;2021-02-03;11.96;15.05;0.75 (5.24 %);233.2;3419000000;0;0;14.35;15.05;14.35
25;CMX;2021-02-04;11.89;14.95;-0.10 (-0.66 %);370.2;5498000000;0;0;15.10;15.10;14.70
26;CMX;2021-02-05;11.93;15.00;0.05 (0.33 %);182.2;2717000000;0;0;14.95;15.05;14.80
27;CMX;2021-02-08;11.13;14.00;-1.00 (-6.67 %);257.2;3778000000;0;0;15.00;15.10;14.00
28;CMX;2021-02-09;11.53;14.50;0.50 (3.57 %);167;2398000000;0;0;14.30;14.60;14.10
29;CMX;2021-02-17;12.20;15.35;0.85 (5.86 %);198.4;2976000000;0;0;14.85;15.40;14.80
30;CMX;2021-02-18;12.24;15.40;0.05 (0.33 %);297.3;4559000000;0;0;15.35;15.50;15.25
31;CMX;2021-02-19;12.44;15.65;0.25 (1.62 %);282.5;4389000000;0;0;15.40;15.80;15.10
32;CMX;2021-02-22;12.40;15.60;-0.05 (-0.32 %);185.7;2912000000;0;0;15.65;15.85;15.60
33;CMX;2021-02-23;12.40;15.60;0.00 (0.00 %);241.4;3750000000;0;0;15.60;15.70;15.40
34;CMX;2021-02-24;12.08;15.20;-0.40 (-2.56 %);290;4489000000;0;0;15.60;15.70;15.15
35;CMX;2021-02-25;12.08;15.20;0.00 (0.00 %);189.9;2883000000;0;0;15.30;15.35;15.00
36;CMX;2021-02-26;12.00;15.10;-0.10 (-0.66 %);126.7;1918000000;0;0;14.80;15.25;14.80
37;CMX;2021-03-01;12.44;15.65;0.55 (3.64 %);258.1;3992000000;0;0;15.30;15.65;15.20
38;CMX;2021-03-02;12.88;16.20;0.55 (3.51 %);551.8;8864000000;0;0;15.85;16.50;15.65
39;CMX;2021-03-03;13.32;16.75;0.55 (3.40 %);486.4;8072000000;0;0;16.50;16.75;16.30
40;CMX;2021-03-04;12.80;16.10;-0.65 (-3.88 %);256.2;4184000000;0;0;16.70;16.70;15.85
41;CMX;2021-03-05;12.96;16.30;0.20 (1.24 %);215.3;3435000000;0;0;15.85;16.50;15.75
42;CMX;2021-03-08;13.48;16.95;0.65 (3.99 %);528.6;8871000000;0;0;16.30;17.20;16.30
43;CMX;2021-03-09;13.48;16.95;0.00 (0.00 %);331.3;5581000000;0;0;17.00;17.00;16.50
44;CMX;2021-03-10;13.24;16.65;-0.30 (-1.77 %);230.4;3855000000;0;0;17.20;17.20;16.60
45;CMX;2021-03-11;13.44;16.90;0.25 (1.50 %);344.5;5743000000;0;0;16.80;16.95;16.50
46;CMX;2021-03-12;13.32;16.75;-0.15 (-0.89 %);355.7;6007000000;0;0;17.00;17.10;16.60
47;CMX;2021-03-15;13.32;16.75;0.00 (0.00 %);272.5;4553000000;0;0;16.80;16.85;16.55
48;CMX;2021-03-16;13.16;16.55;-0.20 (-1.19 %);254.4;4246000000;0;0;16.85;16.85;16.45
49;CMX;2021-03-17;13.20;16.60;0.05 (0.30 %);201.7;3359000000;0;0;16.55;16.80;16.55
50;CMX;2021-03-18;13.20;16.60;0.00 (0.00 %);290.9;4823000000;0;0;16.80;16.80;16.50
51;CMX;2021-03-19;13.04;16.40;-0.20 (-1.20 %);281.4;4632000000;0;0;16.45;16.55;16.40
52;CMX;2021-03-22;12.88;16.20;-0.20 (-1.22 %);270.7;4421000000;0;0;16.60;16.60;16.00
53;CMX;2021-03-23;12.72;16.00;-0.20 (-1.23 %);251.8;4031000000;0;0;16.10;16.20;15.80
54;CMX;2021-03-24;12.36;15.55;-0.45 (-2.81 %);250.9;3924000000;0;0;15.70;15.95;15.50
55;CMX;2021-03-25;12.24;15.40;-0.15 (-0.96 %);313.6;4795000000;0;0;15.55;15.55;15.00
56;CMX;2021-03-26;12.04;15.15;-0.25 (-1.62 %);253.6;3839000000;0;0;15.10;15.40;14.80
57;CMX;2021-03-29;12.32;15.50;0.35 (2.31 %);140.1;2149000000;0;0;15.20;15.50;15.20
58;CMX;2021-03-30;12.36;15.55;0.05 (0.32 %);155.4;2402000000;0;0;15.60;15.70;15.35
59;CMX;2021-03-31;12.28;15.45;-0.10 (-0.64 %);178.5;2751000000;0;0;15.55;15.55;15.35
60;CMX;2021-04-01;12.48;15.70;0.25 (1.62 %);339.8;5278000000;0;0;15.50;15.70;15.40
61;CMX;2021-04-02;12.52;15.75;0.05 (0.32 %);254;4013000000;0;0;15.80;15.90;15.70
62;CMX;2021-04-05;12.48;15.70;-0.05 (-0.32 %);169.7;2658000000;0;0;15.80;15.80;15.55
63;CMX;2021-04-06;12.40;15.60;-0.10 (-0.64 %);311.3;4860000000;0;0;15.70;15.70;15.55
64;CMX;2021-04-07;12.40;15.60;0.00 (0.00 %);146.1;2274000000;0;0;15.55;15.65;15.50
65;CMX;2021-04-08;12.56;15.80;0.20 (1.28 %);194.2;3063000000;0;0;15.55;15.90;15.55
66;CMX;2021-04-09;12.84;16.15;0.35 (2.22 %);245;3938000000;0;0;15.90;16.25;15.85
67;CMX;2021-04-12;12.88;16.20;0.05 (0.31 %);394;6368000000;0;0;16.20;16.30;16.05
68;CMX;2021-04-13;12.56;15.80;-0.40 (-2.47 %);348.3;5561000000;3.814.146;57.593.604.600;16.20;16.20;15.80
69;CMX;2021-04-14;12.48;15.70;-0.10 (-0.63 %);204.9;3204000000;0;0;15.80;15.80;15.50
70;CMX;2021-04-15;12.16;15.30;-0.40 (-2.55 %);372.1;5739000000;0;0;15.60;15.70;15.30
71;CMX;2021-04-16;11.85;14.90;-0.40 (-2.61 %);284.1;4282000000;0;0;15.20;15.25;14.80
72;CMX;2021-04-19;12.00;15.10;0.20 (1.34 %);123.8;1854000000;0;0;15.00;15.10;14.90
73;CMX;2021-04-20;11.93;15.00;-0.10 (-0.66 %);154.3;2307000000;0;0;15.10;15.10;14.80
74;CMX;2021-04-22;11.29;14.20;-0.80 (-5.33 %);240.8;3507000000;0;0;15.00;15.00;14.20
75;CMX;2021-04-23;11.49;14.45;0.25 (1.76 %);228.1;3224000000;0;0;14.20;14.50;13.95
76;CMX;2021-04-26;11.17;14.05;-0.40 (-2.77 %);102.6;1449000000;0;0;14.50;14.50;14.00
77;CMX;2021-04-27;10.97;13.80;-0.25 (-1.78 %);135;1871000000;0;0;13.70;14.00;13.70
78;CMX;2021-04-28;11.17;14.05;0.25 (1.81 %);145.1;2013000000;0;0;13.80;14.10;13.60
79;CMX;2021-04-29;11.13;14.00;-0.05 (-0.36 %);138.1;1922000000;0;0;14.05;14.05;13.85
80;CMX;2021-05-04;10.81;13.60;-0.40 (-2.86 %);87.1;1185000000;0;0;13.40;13.80;13.35
81;CMX;2021-05-05;11.21;14.10;0.50 (3.68 %);116.6;1632000000;0;0;13.80;14.10;13.80
82;CMX;2021-05-06;11.01;13.85;-0.25 (-1.77 %);92;1280000000;0;0;14.15;14.15;13.80
83;CMX;2021-05-07;10.77;13.55;-0.30 (-2.17 %);147.2;2000000000;0;0;13.70;13.85;13.45
84;CMX;2021-05-10;10.65;13.40;-0.15 (-1.11 %);147.9;1975000000;0;0;13.30;13.45;13.30
85;CMX;2021-05-11;10.93;13.75;0.35 (2.61 %);127.1;1744000000;0;0;13.55;14.00;13.40
86;CMX;2021-05-12;11.13;14.00;0.25 (1.82 %);132.8;1870000000;0;0;13.80;14.20;13.80
87;CMX;2021-05-13;10.97;13.80;-0.20 (-1.43 %);147.5;2064000000;0;0;14.20;14.25;13.80
88;CMX;2021-05-14;10.97;13.80;0.00 (0.00 %);71;980000000;0;0;13.80;14.00;13.70
89;CMX;2021-05-17;10.69;13.45;-0.35 (-2.54 %);130.2;1768000000;0;0;13.80;13.85;13.45
90;CMX;2021-05-18;10.65;13.40;-0.05 (-0.37 %);87.5;1176000000;0;0;13.45;13.55;13.35
91;CMX;2021-05-19;10.73;13.50;0.10 (0.75 %);175.1;2350000000;0;0;13.40;13.60;13.30
92;CMX;2021-05-20;10.97;13.80;0.30 (2.22 %);135.6;1859000000;0;0;13.50;13.90;13.50
93;CMX;2021-05-21;11.73;14.75;0.95 (6.88 %);521.6;7522000000;0;0;13.80;14.75;13.80
94;CMX;2021-05-24;11.81;14.85;0.10 (0.68 %);286.7;4297000000;0;0;15.20;15.45;14.75
95;CMX;2021-05-25;11.29;14.20;-0.65 (-4.38 %);234.2;3382000000;0;0;14.90;14.90;14.15
96;CMX;2021-05-26;11.17;14.05;-0.15 (-1.06 %);222.1;3118000000;0;0;14.10;14.45;13.80
97;CMX;2021-05-27;10.97;13.80;-0.25 (-1.78 %);170.9;2373000000;0;0;13.85;14.00;13.80
98;CMX;2021-05-28;11.05;13.90;0.10 (0.72 %);186.6;2594000000;0;0;13.70;14.00;13.70
99;CMX;2021-05-31;10.97;13.80;-0.10 (-0.72 %);210.1;2892000000;0;0;13.80;14.00;13.65
100;CMX;2021-06-01;10.89;13.70;-0.10 (-0.72 %);168.8;2327000000;0;0;13.80;13.90;13.65
101;CMX;2021-06-02;11.25;14.15;0.45 (3.28 %);235.6;3272000000;0;0;13.70;14.15;13.65
102;CMX;2021-06-03;11.77;14.80;0.65 (4.59 %);268.3;3939000000;0;0;14.90;14.90;14.40
103;CMX;2021-06-04;11.57;14.55;-0.25 (-1.69 %);223.6;3245000000;0;0;14.80;14.80;14.30
104;CMX;2021-06-07;11.73;14.75;0.20 (1.37 %);290.8;4306000000;0;0;14.65;15.00;14.60
105;CMX;2021-06-08;11.37;14.30;-0.45 (-3.05 %);207.7;3029000000;0;0;15.00;15.00;13.85
106;CMX;2021-06-09;11.37;14.30;0.00 (0.00 %);236.2;3365000000;0;0;14.00;14.50;14.00
107;CMX;2021-06-10;12.16;15.30;1.00 (6.99 %);582.6;8697000000;0;0;14.35;15.30;14.20
108;CMX;2021-06-11;12.24;15.40;0.10 (0.65 %);658.5;10376000000;0;0;15.85;16.10;15.30
109;CMX;2021-06-14;12.08;15.20;-0.20 (-1.30 %);279.4;4270000000;0;0;15.45;15.60;15.00
110;CMX;2021-06-15;12.88;16.20;1.00 (6.58 %);1.172.600;18442000000;0;0;15.50;16.25;15.20
111;CMX;2021-06-16;12.48;15.70;-0.50 (-3.09 %);400.6;6361000000;0;0;16.20;16.20;15.50
112;CMX;2021-06-17;13.04;16.40;0.70 (4.46 %);694.2;11241000000;0;0;15.50;16.50;15.50
113;CMX;2021-06-18;12.84;16.15;-0.25 (-1.52 %);642.5;10434000000;0;0;16.40;16.50;16.05
114;CMX;2021-06-21;12.72;16.00;-0.15 (-0.93 %);408.4;6522000000;0;0;15.80;16.15;15.80
115;CMX;2021-06-22;12.68;15.95;-0.05 (-0.31 %);454.1;7226000000;0;0;15.90;16.15;15.55
116;CMX;2021-06-23;12.36;15.55;-0.40 (-2.51 %);404.5;6298000000;0;0;15.90;15.90;15.35
117;CMX;2021-06-24;11.69;14.70;-0.85 (-5.47 %);579.7;8670000000;0;0;15.50;15.50;14.50
118;CMX;2021-06-25;12.00;15.10;0.40 (2.72 %);453.1;6765000000;0;0;14.65;15.20;14.60
119;CMX;2021-06-28;11.89;14.95;-0.15 (-0.99 %);239.4;3584000000;0;0;15.10;15.15;14.80
120;CMX;2021-06-29;12.20;15.35;0.40 (2.68 %);394.9;6043000000;0;0;15.05;15.50;14.95
121;CMX;2021-06-30;12.00;15.10;-0.25 (-1.63 %);172.6;2624000000;0;0;15.35;15.40;15.05
122;CMX;2021-07-01;11.93;15.00;-0.10 (-0.66 %);118.2;1767000000;0;0;15.05;15.25;14.50
123;CMX;2021-07-02;11.81;14.85;-0.15 (-1.00 %);209.7;3110000000;0;0;14.90;15.00;14.70
124;CMX;2021-07-05;11.37;14.30;-0.55 (-3.70 %);176.9;2562000000;2.797.115;38.740.042.750;14.80;14.80;14.10
125;CMX;2021-07-06;11.09;13.95;-0.35 (-2.45 %);257;3655000000;0;0;14.30;14.50;13.95
126;CMX;2021-07-07;11.09;13.95;0.00 (0.00 %);191.4;2622000000;0;0;13.80;13.95;13.10
127;CMX;2021-07-08;11.21;14.10;0.15 (1.08 %);159.8;2253000000;0;0;14.20;14.35;14.00
128;CMX;2021-07-09;10.97;13.80;-0.30 (-2.13 %);174.9;2404000000;0;0;14.00;14.05;13.50
129;CMX;2021-07-12;10.34;13.00;-0.80 (-5.80 %);249.7;3264000000;0;0;13.80;13.80;12.85
130;CMX;2021-07-13;10.65;13.40;0.40 (3.08 %);138.3;1839000000;0;0;13.75;13.75;13.05
131;CMX;2021-07-14;10.65;13.40;0.00 (0.00 %);77.6;1037000000;0;0;13.30;13.50;13.15
132;CMX;2021-07-15;10.85;13.65;0.25 (1.87 %);105.7;1431000000;0;0;13.40;13.65;13.40
133;CMX;2021-07-16;10.77;13.55;-0.10 (-0.73 %);83.8;1136000000;0;0;13.60;13.75;13.40
134;CMX;2021-07-19;10.45;13.15;-0.40 (-2.95 %);125.8;1661000000;0;0;13.20;13.50;13.05
135;CMX;2021-07-20;10.65;13.40;0.25 (1.90 %);92.2;1233000000;0;0;13.15;13.50;13.00
136;CMX;2021-07-21;10.65;13.40;0.00 (0.00 %);49.4;665000000;0;0;13.70;13.70;13.35
137;CMX;2021-07-22;10.69;13.45;0.05 (0.37 %);147.4;1981000000;0;0;13.25;13.60;13.25
138;CMX;2021-07-23;10.57;13.30;-0.15 (-1.12 %);91.7;1229000000;0;0;13.55;13.55;13.30
139;CMX;2021-07-26;11.01;13.85;0.55 (4.14 %);256.7;3485000000;0;0;13.30;13.90;13.25
140;CMX;2021-07-27;11.13;14.00;0.15 (1.08 %);249;3485000000;0;0;13.90;14.30;13.90
141;CMX;2021-07-28;11.05;13.90;-0.10 (-0.71 %);104.7;1458000000;0;0;14.05;14.05;13.85
142;CMX;2021-07-29;10.89;13.70;-0.20 (-1.44 %);220.1;3008000000;0;0;13.95;13.95;13.50
143;CMX;2021-07-30;10.89;13.70;0.00 (0.00 %);176.6;2413000000;0;0;13.75;13.80;13.60
144;CMX;2021-08-02;10.73;13.50;-0.20 (-1.46 %);273.9;3707000000;0;0;13.50;13.65;13.45
145;CMX;2021-08-03;10.57;13.30;-0.20 (-1.48 %);290.4;3877000000;0;0;13.50;13.50;13.30
146;CMX;2021-08-04;10.61;13.35;0.05 (0.38 %);207.5;2770000000;0;0;13.45;13.45;13.25
147;CMX;2021-08-05;11.32;12.45;-0.85 (-6.39 %);354.9;4414000000;0;0;12.40;12.45;12.25
148;CMX;2021-08-06;11.64;12.80;0.35 (2.81 %);289.4;3687000000;0;0;12.80;12.85;12.60
149;CMX;2021-08-09;11.64;12.80;0.00 (0.00 %);143.8;1823000000;0;0;12.75;12.80;12.50
150;CMX;2021-08-10;11.55;12.70;-0.10 (-0.78 %);172.1;2179000000;0;0;12.65;12.80;12.50
151;CMX;2021-08-11;11.41;12.55;-0.15 (-1.18 %);293;3680000000;0;0;12.60;12.70;12.50
152;CMX;2021-08-12;11.32;12.45;-0.10 (-0.80 %);190;2367000000;0;0;12.40;12.55;12.40
153;CMX;2021-08-13;11.95;13.15;0.70 (5.62 %);651;8434000000;0;0;12.40;13.15;12.40
154;CMX;2021-08-16;12.73;14.00;0.85 (6.46 %);734.7;10253000000;0;0;13.65;14.05;13.60
155;CMX;2021-08-17;12.50;13.75;-0.25 (-1.79 %);261.8;3599000000;0;0;14.00;14.00;13.60
156;CMX;2021-08-18;12.59;13.85;0.10 (0.73 %);753.1;10533000000;0;0;13.70;14.20;13.35
157;CMX;2021-08-19;13.45;14.80;0.95 (6.86 %);1.494.100;21503000000;0;0;13.90;14.80;13.90
158;CMX;2021-08-20;13.45;14.80;0.00 (0.00 %);1.078.400;16276000000;0;0;15.50;15.55;14.10
159;CMX;2021-08-23;12.55;13.80;-1.00 (-6.76 %);670.7;9415000000;0;0;14.50;14.50;13.80
160;CMX;2021-08-24;11.95;13.15;-0.65 (-4.71 %);585.1;7760000000;0;0;13.80;14.00;12.90
161;CMX;2021-08-25;12.68;13.95;0.80 (6.08 %);494.8;6568000000;0;0;12.90;13.95;12.85
162;CMX;2021-08-26;12.32;13.55;-0.40 (-2.87 %);258.3;3581000000;0;0;14.25;14.30;13.55
163;CMX;2021-08-27;12.45;13.70;0.15 (1.11 %);339.5;4594000000;0;0;13.10;13.80;13.10
164;CMX;2021-08-30;13.05;14.35;0.65 (4.74 %);913.1;13078000000;0;0;13.70;14.65;13.70
165;CMX;2021-08-31;13.59;14.95;0.60 (4.18 %);1.897.800;28055000000;0;0;14.40;15.25;14.40
166;CMX;2021-09-01;13.77;15.15;0.20 (1.34 %);1.163.800;17406000000;0;0;15.00;15.25;14.70
167;CMX;2021-09-06;13.86;15.25;0.10 (0.66 %);1.354.400;20818000000;0;0;15.20;15.80;15.10
168;CMX;2021-09-07;13.00;14.30;-0.95 (-6.23 %);1.323.200;19668000000;0;0;15.35;15.35;14.25
169;CMX;2021-09-08;12.55;13.80;-0.50 (-3.50 %);819;11341000000;0;0;14.30;14.30;13.70
170;CMX;2021-09-09;12.86;14.15;0.35 (2.54 %);551.4;7579000000;0;0;13.80;14.20;13.50
171;CMX;2021-09-10;12.91;14.20;0.05 (0.35 %);380.2;5475000000;0;0;14.15;14.80;13.80
172;CMX;2021-09-13;12.68;13.95;-0.25 (-1.76 %);344.8;4814000000;0;0;14.00;14.25;13.80
173;CMX;2021-09-14;12.50;13.75;-0.20 (-1.43 %);360.7;4962000000;0;0;13.80;13.95;13.50
174;CMX;2021-09-15;12.55;13.80;0.05 (0.36 %);982.6;13376000000;0;0;13.75;14.10;13.40
175;CMX;2021-09-16;12.64;13.90;0.10 (0.72 %);345.3;4825000000;0;0;14.20;14.20;13.80
176;CMX;2021-09-17;12.68;13.95;0.05 (0.36 %);416.9;5812000000;0;0;13.90;14.20;13.70
177;CMX;2021-09-20;12.36;13.60;-0.35 (-2.51 %);551.6;7586000000;0;0;13.90;13.95;13.55
178;CMX;2021-09-21;12.36;13.60;0.00 (0.00 %);553.8;7476000000;0;0;13.50;13.70;13.30
179;CMX;2021-09-22;12.86;14.15;0.55 (4.04 %);650.8;9007000000;0;0;13.50;14.30;13.50
180;CMX;2021-09-23;12.59;13.85;-0.30 (-2.12 %);363.9;5095000000;0;0;14.20;14.30;13.85
181;CMX;2021-09-24;12.55;13.80;-0.05 (-0.36 %);186.8;2573000000;0;0;13.95;13.95;13.60
182;CMX;2021-09-27;12.09;13.30;-0.50 (-3.62 %);375.1;5060000000;0;0;13.70;13.85;13.30
183;CMX;2021-09-28;12.18;13.40;0.10 (0.75 %);317.6;4208000000;0;0;13.00;13.50;13.00
184;CMX;2021-09-29;12.14;13.35;-0.05 (-0.37 %);165.9;2204000000;0;0;13.45;13.45;13.20
185;CMX;2021-09-30;12.32;13.55;0.20 (1.50 %);99.3;1345000000;0;0;13.40;13.65;13.40
186;CMX;2021-10-01;12.18;13.40;-0.15 (-1.11 %);270.5;3631000000;0;0;13.55;13.65;13.20
187;CMX;2021-10-04;12.68;13.95;0.55 (4.10 %);847.9;11730000000;0;0;13.50;14.05;13.30
188;CMX;2021-10-05;12.86;14.15;0.20 (1.43 %);717;10125000000;0;0;14.10;14.35;13.95
189;CMX;2021-10-06;13.00;14.30;0.15 (1.06 %);597.3;8475000000;0;0;14.20;14.35;14.10
190;CMX;2021-10-07;13.55;14.90;0.60 (4.20 %);1.170.200;17163000000;0;0;14.45;15.00;14.30
191;CMX;2021-10-08;13.09;14.40;-0.50 (-3.36 %);713.6;10551000000;0;0;15.30;15.30;14.35
192;CMX;2021-10-11;13.00;14.30;-0.10 (-0.69 %);389.4;5550000000;0;0;14.40;14.45;14.10
193;CMX;2021-10-12;12.95;14.25;-0.05 (-0.35 %);412.7;5822000000;0;0;14.15;14.25;14.00
194;CMX;2021-10-13;13.09;14.40;0.15 (1.05 %);400.2;5750000000;0;0;14.20;14.50;14.15
195;CMX;2021-10-14;13.09;14.40;0.00 (0.00 %);332.5;4768000000;0;0;14.25;14.50;14.25
196;CMX;2021-10-15;12.77;14.05;-0.35 (-2.43 %);418.3;5937000000;0;0;14.40;14.40;14.05
197;CMX;2021-10-18;12.68;13.95;-0.10 (-0.71 %);514.3;7152000000;0;0;14.00;14.05;13.75
198;CMX;2021-10-19;12.68;13.95;0.00 (0.00 %);354.7;4944000000;0;0;13.95;14.10;13.80
199;CMX;2021-10-20;12.45;13.70;-0.25 (-1.79 %);1.615.600;22116000000;0;0;13.75;13.95;13.50
200;CMX;2021-10-21;12.91;14.20;0.50 (3.65 %);1.434.600;20181000000;0;0;13.80;14.35;13.75
201;CMX;2021-10-22;13.77;15.15;0.95 (6.69 %);3.182.500;47167000000;0;0;14.60;15.15;14.40
202;CMX;2021-10-25;14.00;15.40;0.25 (1.65 %);2.157.000;33637000000;0;0;15.60;15.85;15.30
203;CMX;2021-10-26;14.32;15.75;0.35 (2.27 %);1.770.400;27046000000;0;0;14.80;15.80;14.80
204;CMX;2021-10-27;14.55;16.00;0.25 (1.59 %);2.646.200;42897000000;0;0;16.00;16.40;15.80
205;CMX;2021-10-28;14.55;16.00;0.00 (0.00 %);1.265.400;20213000000;0;0;16.10;16.25;15.80
206;CMX;2021-10-29;14.73;16.20;0.20 (1.25 %);1.826.400;29372000000;0;0;16.20;16.30;15.90
207;CMX;2021-11-01;15.73;17.30;1.10 (6.79 %);3.371.400;57241000000;0;0;16.50;17.30;16.25
208;CMX;2021-11-02;15.91;17.50;0.20 (1.16 %);1.343.300;23460000000;0;0;17.30;17.80;17.10
209;CMX;2021-11-03;14.82;16.30;-1.20 (-6.86 %);2.681.200;45183000000;0;0;17.50;17.55;16.30
210;CMX;2021-11-04;15.82;17.40;1.10 (6.75 %);2.462.300;41771000000;0;0;16.40;17.40;16.10
211;CMX;2021-11-05;16.91;18.60;1.20 (6.90 %);3.082.700;57287000000;0;0;18.50;18.60;18.30
212;CMX;2021-11-08;17.77;19.55;0.95 (5.11 %);5.499.300;107374000000;0;0;19.90;19.90;18.80
213;CMX;2021-11-09;17.27;19.00;-0.55 (-2.81 %);2.277.800;43353000000;0;0;19.15;19.50;18.70
214;CMX;2021-11-10;17.59;19.35;0.35 (1.84 %);2.451.900;47589000000;0;0;18.90;20.00;18.65
215;CMX;2021-11-11;17.27;19.00;-0.35 (-1.81 %);2.667.400;51395000000;0;0;19.80;19.80;18.90
216;CMX;2021-11-12;18.05;19.85;0.85 (4.47 %);3.354.000;64936000000;0;0;18.90;19.90;18.90
217;CMX;2021-11-15;17.82;19.60;-0.25 (-1.26 %);2.869.200;56853000000;0;0;20.00;20.50;19.00
218;CMX;2021-11-16;17.27;19.00;-0.60 (-3.06 %);2.010.900;38165000000;0;0;19.50;19.50;18.50
219;CMX;2021-11-17;17.45;19.20;0.20 (1.05 %);1.703.800;32885000000;0;0;18.80;20.00;18.55
220;CMX;2021-11-18;17.18;18.90;-0.30 (-1.56 %);2.208.700;41968000000;0;0;19.50;19.50;18.80
221;CMX;2021-11-19;16.09;17.70;-1.20 (-6.35 %);3.047.900;55437000000;0;0;18.90;18.90;17.60
222;CMX;2021-11-22;15.64;17.20;-0.50 (-2.82 %);1.402.100;24699000000;0;0;17.80;18.20;17.10
223;CMX;2021-11-23;16.73;18.40;1.20 (6.98 %);855.3;15380000000;0;0;17.20;18.40;17.20
224;CMX;2021-11-24;17.86;19.65;1.25 (6.79 %);1.615.200;31694000000;0;0;19.65;19.65;19.40
225;CMX;2021-11-25;19.09;21.00;1.35 (6.87 %);4.609.500;96092000000;0;0;21.00;21.00;20.10
226;CMX;2021-11-26;20.36;22.40;1.40 (6.67 %);2.780.400;60976000000;0;0;21.50;22.45;21.05
227;CMX;2021-11-29;20.36;22.40;0.00 (0.00 %);1.980.600;44803000000;0;0;21.00;23.45;21.00
228;CMX;2021-11-30;19.59;21.55;-0.85 (-3.79 %);3.018.200;65886000000;0;0;22.40;22.90;21.30
229;CMX;2021-12-01;19.55;21.50;-0.05 (-0.23 %);1.457.000;31645000000;0;0;21.55;22.40;21.45
230;CMX;2021-12-02;20.27;22.30;0.80 (3.72 %);2.187.900;47789000000;145;3.327.750.000;21.00;22.50;21.00
231;CMX;2021-12-03;19.09;21.00;-1.30 (-5.83 %);1.642.600;35411000000;0;0;22.30;22.30;21.00
232;CMX;2021-12-06;17.77;19.55;-1.45 (-6.90 %);2.227.500;44347000000;0;0;20.50;21.00;19.55
233;CMX;2021-12-07;19.00;20.90;1.35 (6.91 %);1.761.600;34532000000;0;0;19.55;20.90;18.60
234;CMX;2021-12-08;18.73;20.60;-0.30 (-1.44 %);805.8;16930000000;0;0;21.10;21.60;20.60
235;CMX;2021-12-09;18.86;20.75;0.15 (0.73 %);815.3;16701000000;0;0;20.00;20.80;20.00
236;CMX;2021-12-10;18.55;20.40;-0.35 (-1.69 %);976.9;20013000000;0;0;20.75;20.75;20.30
237;CMX;2021-12-13;19.36;21.30;0.90 (4.41 %);1.454.300;30427000000;0;0;20.80;21.50;20.50
238;CMX;2021-12-14;18.82;20.70;-0.60 (-2.82 %);1.176.400;24979000000;0;0;21.15;22.00;20.60
239;CMX;2021-12-15;18.59;20.45;-0.25 (-1.21 %);775.8;16006000000;0;0;20.80;21.00;20.35
240;CMX;2021-12-16;18.55;20.40;-0.05 (-0.24 %);1.017.600;20760000000;0;0;20.30;20.65;20.20
241;CMX;2021-12-17;19.09;21.00;0.60 (2.94 %);2.423.500;49760000000;0;0;20.40;21.45;19.50
242;CMX;2021-12-20;18.91;20.80;-0.20 (-0.95 %);1.147.500;24333000000;0;0;21.20;21.90;20.60
243;CMX;2021-12-21;18.86;20.75;-0.05 (-0.24 %);1.196.800;24933000000;0;0;21.00;21.35;20.50
244;CMX;2021-12-22;18.27;20.10;-0.70 (-3.37 %);2.026.500;41134000000;0;0;21.00;21.00;20.00
245;CMX;2021-12-23;17.45;19.20;-0.90 (-4.48 %);2.667.600;51760000000;0;0;20.40;20.45;18.70
246;CMX;2021-12-24;17.36;19.10;-0.10 (-0.52 %);1.009.700;19324000000;0;0;19.30;19.50;18.95
247;CMX;2021-12-27;17.50;19.25;0.15 (0.79 %);533.5;10261000000;0;0;19.20;19.70;19.00
248;CMX;2021-12-28;17.00;18.70;-0.60 (-3.11 %);2.264.500;42784000000;0;0;19.30;19.30;18.60
249;CMX;2021-12-29;17.27;19.00;0.30 (1.60 %);811.5;15432000000;0;0;19.00;19.50;18.55
250;CMX;2021-12-30;17.23;18.95;-0.05 (-0.26 %);498.7;9429000000;0;0;19.00;19.05;18.80
251;CMX;2021-12-31;17.41;19.15;0.15 (0.79 %);991.6;19053000000;0;0;18.90;19.70;18.80
252;CMX;2022-01-04;17.59;19.35;0.15 (0.78 %);1.048.900;20311000000;0;0;19.50;19.65;19.15
253;CMX;2022-01-05;18.82;20.70;1.30 (6.70 %);1.691.000;33867000000;0;0;19.35;20.70;19.30
254;CMX;2022-01-06;19.09;21.00;0.30 (1.45 %);3.023.600;63962000000;370;8.066.000.000;21.50;21.75;20.55
255;CMX;2022-01-07;18.55;20.40;-0.60 (-2.86 %);1.670.600;34295000000;0;0;21.00;21.00;20.20
256;CMX;2022-01-10;18.00;19.80;-0.60 (-2.94 %);1.718.500;34447000000;0;0;20.30;20.90;19.75
257;CMX;2022-01-11;17.27;19.00;-0.80 (-4.04 %);1.515.600;29234000000;370;7.825.500.000;19.40;19.70;19.00
258;CMX;2022-01-12;17.27;19.00;0.00 (0.00 %);1.198.800;22554000000;0;0;19.00;19.50;18.20
259;CMX;2022-01-13;16.09;17.70;-1.30 (-6.84 %);1.368.100;25201000000;0;0;18.90;19.30;17.70
260;CMX;2022-01-14;16.23;17.85;0.15 (0.85 %);975.6;17391000000;0;0;17.20;18.40;17.20
261;CMX;2022-01-17;15.14;16.65;-1.20 (-6.72 %);1.626.800;27717000000;0;0;18.40;18.45;16.65
262;CMX;2022-01-18;14.18;15.60;-1.05 (-6.31 %);1.054.800;16925000000;0;0;16.40;16.75;15.50
263;CMX;2022-01-19;14.27;15.70;0.10 (0.64 %);573.5;9041000000;0;0;15.50;15.95;15.50
264;CMX;2022-01-20;15.36;16.90;1.10 (6.96 %);639.8;10525000000;0;0;15.80;16.90;15.80
265;CMX;2022-01-21;15.27;16.80;-0.10 (-0.59 %);549.6;9319000000;0;0;17.20;17.20;16.60
266;CMX;2022-01-24;14.23;15.65;-1.15 (-6.85 %);983.6;15596000000;0;0;16.60;16.60;15.65
267;CMX;2022-01-25;14.18;15.60;-0.10 (-0.64 %);538.7;8360000000;0;0;15.00;16.00;15.00
268;CMX;2022-01-26;13.73;15.10;-0.50 (-3.21 %);529.5;8220000000;0;0;15.70;16.00;15.10
269;CMX;2022-01-27;13.68;15.05;-0.05 (-0.33 %);404.8;6064000000;0;0;14.60;15.40;14.60
270;CMX;2022-01-28;13.95;15.35;0.25 (1.66 %);457.6;7011000000;0;0;15.05;15.70;15.05
271;CMX;2022-02-07;14.91;16.40;1.00 (6.49 %);550.2;8853000000;0;0;15.80;16.40;15.60
272;CMX;2022-02-08;15.91;17.50;1.10 (6.71 %);881;15149000000;0;0;16.95;17.50;16.60
273;CMX;2022-02-09;15.64;17.20;-0.30 (-1.71 %);948.5;16782000000;0;0;17.90;18.20;17.20
274;CMX;2022-02-10;15.64;17.20;0.00 (0.00 %);516.7;8817000000;0;0;17.10;17.50;16.75
275;CMX;2022-02-11;15.68;17.25;0.05 (0.29 %);540.1;9291000000;0;0;17.05;17.80;16.90
276;CMX;2022-02-14;16.36;18.00;0.70 (4.05 %);1.409.300;25181000000;0;0;17.00;18.15;16.70
277;CMX;2022-02-15;16.23;17.85;-0.15 (-0.83 %);393.3;6967000000;0;0;18.15;18.15;17.50
278;CMX;2022-02-16;16.36;18.00;0.10 (0.56 %);636.5;11472000000;0;0;17.90;18.50;17.80
279;CMX;2022-02-17;16.23;17.85;-0.15 (-0.83 %);727.1;12859000000;0;0;17.95;17.95;17.50
280;CMX;2022-02-18;16.32;17.95;0.05 (0.28 %);798.2;14329000000;0;0;18.10;18.20;17.50
281;CMX;2022-02-21;16.73;18.40;0.40 (2.22 %);1.496.900;27226000000;2.222.000;37.107.400.000;18.20;18.55;17.80
282;CMX;2022-02-22;16.36;18.00;-0.40 (-2.17 %);893;16013000000;0;0;18.20;18.20;17.70
283;CMX;2022-02-23;16.68;18.35;0.35 (1.94 %);1.416.400;26129000000;0;0;18.00;18.80;17.90
284;CMX;2022-02-24;16.18;17.80;-0.60 (-3.26 %);1.557.600;27823000000;0;0;18.35;18.60;17.20
285;CMX;2022-02-25;16.27;17.90;0.10 (0.56 %);561.6;10085000000;0;0;17.85;18.30;17.85
286;CMX;2022-02-28;17.27;19.00;1.10 (6.15 %);1.769.600;32668000000;0;0;18.00;19.00;17.60
287;CMX;2022-03-01;17.27;19.00;0.00 (0.00 %);2.139.700;41181000000;0;0;19.20;19.70;18.80
288;CMX;2022-03-02;17.45;19.20;0.20 (1.05 %);1.407.400;27030000000;0;0;19.00;19.60;18.75
289;CMX;2022-03-03;18.36;20.20;1.00 (5.21 %);3.297.300;65200000000;0;0;19.45;20.30;19.00
290;CMX;2022-03-04;18.32;20.15;-0.05 (-0.25 %);2.199.600;44604000000;0;0;20.50;20.60;20.00
291;CMX;2022-03-07;18.36;20.20;0.00 (0.00 %);1.656.400;33686000000;0;0;20.05;20.90;19.50
292;CMX;2022-03-08;17.41;19.15;-1.05 (-5.20 %);2.047.500;40395000000;0;0;19.80;20.20;19.15
293;CMX;2022-03-09;17.05;18.75;-0.45 (-2.34 %);1.570.300;29405000000;0;0;19.20;19.40;18.10
294;CMX;2022-03-10;18.23;20.05;1.25 (6.65 %);2.121.500;42096000000;0;0;19.40;20.05;19.00
295;CMX;2022-03-11;17.95;19.75;-0.35 (-1.74 %);2.184.900;44524000000;0;0;20.15;20.80;19.50
296;CMX;2022-03-14;17.18;18.90;-0.90 (-4.55 %);1.144.100;22050000000;0;0;19.55;20.00;18.70
297;CMX;2022-03-15;17.45;19.20;0.30 (1.59 %);1.415.000;26751000000;0;0;19.00;19.80;18.10
298;CMX;2022-03-16;17.73;19.50;0.30 (1.56 %);1.083.400;21089000000;0;0;19.30;19.80;19.10
299;CMX;2022-03-17;17.73;19.50;0.00 (0.00 %);1.403.300;27709000000;0;0;19.90;20.20;19.40
300;CMX;2022-03-18;17.41;19.15;-0.35 (-1.79 %);1.208.400;23302000000;0;0;19.60;19.60;19.15
301;CMX;2022-03-21;17.55;19.30;0.10 (0.52 %);1.426.900;27898000000;0;0;19.60;19.80;19.15
302;CMX;2022-03-22;17.91;19.70;0.40 (2.07 %);1.577.800;31135000000;0;0;19.45;20.10;19.45
303;CMX;2022-03-23;19.14;21.05;1.35 (6.85 %);6.624.500;137978000000;0;0;19.90;21.05;19.75
304;CMX;2022-03-24;19.23;21.15;0.05 (0.24 %);2.268.700;48397000000;0;0;21.05;21.70;21.05
305;CMX;2022-03-25;19.23;21.15;-0.05 (-0.24 %);2.138.900;45591000000;0;0;21.15;21.60;21.05
306;CMX;2022-03-28;20.55;22.60;1.40 (6.60 %);5.950.100;131470000000;0;0;20.75;22.60;20.75
307;CMX;2022-03-29;20.64;22.70;0.10 (0.44 %);2.859.800;65480000000;0;0;23.40;23.40;22.60
308;CMX;2022-03-30;22.00;24.20;1.50 (6.61 %);5.579.600;133138000000;0;0;22.40;24.25;22.40
309;CMX;2022-03-31;21.36;23.50;-0.70 (-2.89 %);3.193.100;76005000000;0;0;24.00;24.30;23.35
310;CMX;2022-04-01;21.82;24.00;0.50 (2.13 %);2.973.900;72040000000;0;0;23.30;24.80;23.30
311;CMX;2022-04-04;21.18;23.30;-0.70 (-2.92 %);3.224.300;77160000000;0;0;24.40;24.60;23.30
312;CMX;2022-04-05;22.55;24.80;1.50 (6.44 %);4.264.400;102292000000;0;0;23.00;24.90;22.70
313;CMX;2022-04-06;21.77;23.95;-0.85 (-3.43 %);2.596.300;63804000000;0;0;24.80;25.60;23.70
314;CMX;2022-04-07;20.27;22.30;-1.70 (-7.08 %);2.686.100;62116000000;0;0;24.00;24.00;22.30
315;CMX;2022-04-08;19.36;21.30;-1.00 (-4.48 %);3.624.200;79255000000;0;0;22.30;22.70;21.30
316;CMX;2022-04-12;20.68;22.75;1.45 (6.81 %);2.224.500;49023000000;0;0;21.50;22.75;21.30
317;CMX;2022-04-13;21.18;23.30;0.50 (2.19 %);2.493.400;58630000000;0;0;23.05;24.00;22.80
318;CMX;2022-04-14;21.41;23.55;0.25 (1.07 %);2.453.600;58454000000;0;0;23.25;24.30;23.05
319;CMX;2022-04-15;22.55;24.80;1.20 (5.08 %);5.622.000;139048000000;0;0;23.55;25.15;23.55
320;CMX;2022-04-18;24.00;26.40;1.60 (6.45 %);4.119.900;106321000000;0;0;25.50;26.50;24.90
321;CMX;2022-04-19;22.36;24.60;-1.80 (-6.82 %);3.336.600;85501000000;0;0;26.40;27.00;24.60
322;CMX;2022-04-20;21.18;23.30;-1.30 (-5.28 %);5.439.300;131088000000;0;0;24.30;25.70;22.90
323;CMX;2022-04-21;19.91;21.90;-1.40 (-6.01 %);4.225.600;94293000000;0;0;22.90;24.00;21.70
324;CMX;2022-04-22;18.55;20.40;-1.50 (-6.85 %);3.736.600;78639000000;0;0;22.50;22.80;20.40
325;CMX;2022-04-25;17.27;19.00;-1.40 (-6.86 %);2.228.300;42884000000;0;0;20.30;20.30;19.00
326;CMX;2022-04-26;16.36;18.00;-1.00 (-5.26 %);4.077.000;72500000000;0;0;17.70;18.70;17.70
327;CMX;2022-04-27;17.50;19.25;1.25 (6.94 %);2.310.300;43482000000;0;0;18.20;19.25;17.95
328;CMX;2022-04-28;17.59;19.35;0.05 (0.26 %);1.630.100;32171000000;0;0;19.50;20.30;19.30
329;CMX;2022-04-29;18.82;20.70;1.30 (6.70 %);3.198.500;64518000000;0;0;19.00;20.70;18.85
330;CMX;2022-05-04;19.18;21.10;0.40 (1.93 %);2.181.000;46318000000;0;0;20.70;21.80;20.70
331;CMX;2022-05-05;17.95;19.75;-1.35 (-6.40 %);2.546.300;51704000000;0;0;21.35;21.45;19.65
332;CMX;2022-05-06;18.18;20.00;0.20 (1.01 %);2.275.500;45707000000;0;0;18.80;20.90;18.70
333;CMX;2022-05-09;16.91;18.60;-1.40 (-7.00 %);3.159.000;60945000000;0;0;19.60;20.80;18.60
334;CMX;2022-05-10;18.09;19.90;1.30 (6.99 %);1.634.600;30854000000;0;0;18.05;19.90;17.65
335;CMX;2022-05-11;18.18;20.00;0.10 (0.50 %);1.159.700;23298000000;0;0;20.40;20.50;19.80
336;CMX;2022-05-12;16.91;18.60;-1.40 (-7.00 %);1.913.100;36666000000;0;0;19.80;20.15;18.60
337;CMX;2022-05-13;15.73;17.30;-1.30 (-6.99 %);2.346.300;41214000000;0;0;18.60;18.60;17.30
338;CMX;2022-05-16;14.64;16.10;-1.20 (-6.94 %);1.986.200;33226000000;0;0;18.30;18.30;16.10
339;CMX;2022-05-17;15.64;17.20;1.10 (6.83 %);1.561.600;25151000000;0;0;15.40;17.20;15.10
340;CMX;2022-05-18;16.00;17.60;0.40 (2.33 %);1.614.400;28454000000;0;0;17.50;18.10;17.10
341;CMX;2022-05-19;15.64;17.20;-0.40 (-2.27 %);1.209.900;20899000000;0;0;16.70;17.65;16.70
342;CMX;2022-05-20;15.64;17.20;0.00 (0.00 %);1.072.200;18544000000;0;0;17.20;17.70;17.00
343;CMX;2022-05-23;16.09;17.70;0.50 (2.91 %);1.927.500;34249000000;0;0;17.60;18.35;17.15
344;CMX;2022-05-24;16.55;18.20;0.50 (2.82 %);1.239.400;22143000000;0;0;17.80;18.30;17.45
345;CMX;2022-05-25;17.68;19.45;1.25 (6.87 %);2.305.300;44070000000;60;1.017.000.000;18.30;19.45;18.30
346;CMX;2022-05-26;17.68;19.45;-0.05 (-0.26 %);1.667.900;32289000000;0;0;19.90;19.90;19.05
347;CMX;2022-05-27;17.73;19.50;0.00 (0.00 %);2.588.400;51449000000;0;0;19.45;20.50;19.30
348;CMX;2022-05-30;17.73;19.50;0.00 (0.00 %);1.763.900;34370000000;0;0;19.50;20.00;19.20
349;CMX;2022-05-31;17.73;19.50;0.00 (0.00 %);1.492.400;29232000000;0;0;19.50;19.90;19.20
350;CMX;2022-06-01;18.95;20.85;1.35 (6.92 %);3.389.400;67936000000;800;14.520.000.000;19.35;20.85;19.20
351;CMX;2022-06-02;19.00;20.90;0.00 (0.00 %);2.474.200;52412000000;0;0;21.20;21.70;20.60
352;CMX;2022-06-03;19.05;20.95;0.05 (0.24 %);2.312.200;48034000000;0;0;20.60;21.70;20.05
353;CMX;2022-06-06;19.09;21.00;0.00 (0.00 %);3.560.200;76879000000;0;0;21.00;22.00;20.55
354;CMX;2022-06-07;20.41;22.45;1.45 (6.90 %);3.648.400;79401000000;0;0;21.00;22.45;21.00
355;CMX;2022-06-08;20.27;22.30;-0.20 (-0.89 %);3.169.700;72048000000;0;0;23.00;23.30;22.30
356;CMX;2022-06-09;20.27;22.30;0.00 (0.00 %);2.455.500;54469000000;0;0;22.10;22.60;21.60
357;CMX;2022-06-10;18.86;20.75;-1.55 (-6.95 %);3.612.900;77972000000;0;0;22.20;22.75;20.75
358;CMX;2022-06-13;17.55;19.30;-1.50 (-7.21 %);3.188.900;62261000000;0;0;19.35;20.35;19.30
359;CMX;2022-06-14;17.64;19.40;0.10 (0.52 %);2.140.500;41221000000;0;0;18.60;20.15;18.40
360;CMX;2022-06-15;17.27;19.00;-0.40 (-2.06 %);1.819.000;34276000000;0;0;19.40;19.70;18.10
361;CMX;2022-06-16;17.64;19.40;0.40 (2.11 %);1.370.100;26835000000;0;0;19.85;19.95;19.30
362;CMX;2022-06-17;17.00;18.70;-0.70 (-3.61 %);1.606.400;30032000000;0;0;18.40;19.45;18.20
363;CMX;2022-06-20;17.00;18.70;0.00 (0.00 %);2.290.200;44055000000;0;0;18.70;19.80;18.60
364;CMX;2022-06-21;15.82;17.40;-1.30 (-6.95 %);2.516.300;45749000000;0;0;18.70;19.40;17.40
365;CMX;2022-06-22;14.82;16.30;-1.10 (-6.32 %);2.010.000;33643000000;0;0;17.90;18.05;16.20
366;CMX;2022-06-23;15.77;17.35;1.05 (6.44 %);1.245.300;20914000000;0;0;15.90;17.35;15.80
367;CMX;2022-06-24;15.64;17.20;-0.20 (-1.15 %);755;13207000000;0;0;17.50;17.90;17.20
368;CMX;2022-06-27;15.68;17.25;0.05 (0.29 %);1.518.800;26423000000;0;0;17.50;17.80;17.25
369;CMX;2022-06-28;15.18;16.70;-0.60 (-3.47 %);2.140.100;36635000000;0;0;17.30;17.65;16.30
370;CMX;2022-06-29;15.86;17.45;0.75 (4.49 %);1.322.800;22497000000;0;0;16.50;17.60;16.50
371;CMX;2022-06-30;15.41;16.95;-0.55 (-3.14 %);866.2;15033000000;0;0;17.75;17.75;16.95
372;CMX;2022-07-01;15.41;16.95;-0.05 (-0.29 %);1.297.100;21693000000;0;0;16.80;17.30;16.25
373;CMX;2022-07-04;15.00;16.50;-0.50 (-2.94 %);1.183.700;19854000000;0;0;17.15;17.40;16.30
374;CMX;2022-07-05;14.55;16.00;-0.50 (-3.03 %);1.623.500;26353000000;0;0;16.55;16.80;15.80
375;CMX;2022-07-06;14.23;15.65;-0.35 (-2.19 %);886.2;14176000000;0;0;15.55;16.65;15.55
376;CMX;2022-07-07;14.14;15.55;-0.15 (-0.96 %);839.6;13084000000;0;0;15.65;15.90;15.30
377;CMX;2022-07-08;14.36;15.80;0.20 (1.28 %);803.4;12720000000;0;0;16.10;16.10;15.70
378;CMX;2022-07-11;14.00;15.40;-0.40 (-2.53 %);623.4;9752000000;0;0;15.70;15.95;15.25
379;CMX;2022-07-12;14.95;16.45;1.05 (6.82 %);1.346.700;21501000000;0;0;15.40;16.45;15.20
380;CMX;2022-07-13;14.82;16.30;-0.20 (-1.21 %);1.335.900;22052000000;0;0;16.55;16.65;16.15
381;CMX;2022-07-14;14.55;16.00;-0.30 (-1.84 %);964.7;15450000000;0;0;15.80;16.25;15.80
382;CMX;2022-07-15;14.36;15.80;-0.20 (-1.25 %);1.062.700;17053000000;0;0;16.20;16.35;15.80
383;CMX;2022-07-18;15.00;16.50;0.70 (4.43 %);939.4;15252000000;0;0;15.90;16.60;15.90
384;CMX;2022-07-19;14.82;16.30;-0.20 (-1.21 %);535.7;8792000000;0;0;16.55;16.70;16.10
385;CMX;2022-07-20;15.09;16.60;0.30 (1.84 %);1.868.400;30994000000;0;0;16.45;16.95;16.30
386;CMX;2022-07-21;14.77;16.25;-0.35 (-2.11 %);1.090.700;17976000000;0;0;16.70;16.80;16.25
387;CMX;2022-07-22;14.59;16.05;-0.25 (-1.53 %);665.7;10804000000;0;0;16.20;16.50;16.05
388;CMX;2022-07-25;14.55;16.00;-0.10 (-0.62 %);679;10951000000;0;0;16.20;16.35;16.00
389;CMX;2022-07-26;14.00;15.40;-0.60 (-3.75 %);1.485.900;23238000000;0;0;15.95;16.00;15.35
390;CMX;2022-07-27;13.91;15.30;-0.10 (-0.65 %);2.017.200;30535000000;0;0;15.40;15.40;14.90
391;CMX;2022-07-28;14.75;14.75;0.85 (6.12 %);1.292.700;19119000000;0;0;14.85;14.85;14.60
392;CMX;2022-07-29;14.40;14.40;-0.40 (-2.70 %);780.7;11332000000;0;0;14.70;14.70;14.40
393;CMX;2022-08-01;14.65;14.65;0.25 (1.74 %);1.599.400;22938000000;0;0;14.50;14.65;14.15
394;CMX;2022-08-02;14.85;14.85;0.15 (1.02 %);1.176.200;17336000000;0;0;14.85;14.90;14.60
395;CMX;2022-08-03;15.30;15.30;0.40 (2.68 %);1.577.200;23890000000;0;0;14.55;15.50;14.55
396;CMX;2022-08-04;14.95;14.95;-0.35 (-2.29 %);1.826.300;27669000000;0;0;15.40;15.45;14.95
397;CMX;2022-08-05;15.00;15.00;0.00 (0.00 %);876.8;13107000000;0;0;15.00;15.10;14.75
398;CMX;2022-08-08;15.70;15.70;0.70 (4.67 %);2.457.400;38030000000;0;0;15.40;15.80;15.00
399;CMX;2022-08-09;15.40;15.40;-0.30 (-1.91 %);1.494.200;23316000000;0;0;15.80;15.85;15.40
400;CMX;2022-08-10;15.40;15.40;0.00 (0.00 %);927.5;14259000000;0;0;15.40;15.55;15.25
401;CMX;2022-08-11;15.30;15.30;-0.10 (-0.65 %);1.790.400;27750000000;0;0;15.55;15.80;15.20
402;CMX;2022-08-12;15.45;15.45;0.15 (0.98 %);1.188.400;18281000000;0;0;15.20;15.60;15.15
403;CMX;2022-08-15;15.40;15.40;-0.10 (-0.65 %);930.4;14383000000;0;0;15.50;15.60;15.30
404;CMX;2022-08-16;15.35;15.35;-0.05 (-0.32 %);916.8;14116000000;0;0;15.40;15.50;15.30
405;CMX;2022-08-17;15.35;15.35;-0.05 (-0.32 %);2.758.200;43140000000;0;0;15.45;15.85;15.25
406;CMX;2022-08-18;15.25;15.25;-0.15 (-0.97 %);933.2;14271000000;0;0;15.35;15.40;15.15
407;CMX;2022-08-19;14.95;14.95;-0.35 (-2.29 %);1.388.400;21034000000;0;0;15.25;15.35;14.90
408;CMX;2022-08-22;14.40;14.40;-0.60 (-4.00 %);1.731.500;25174000000;0;0;14.60;14.85;14.30
409;CMX;2022-08-23;14.80;14.80;0.40 (2.78 %);767.2;11093000000;0;0;14.10;14.80;14.10
410;CMX;2022-08-24;14.75;14.75;-0.05 (-0.34 %);1.026.600;15175000000;0;0;14.65;15.00;14.65
411;CMX;2022-08-25;15.15;15.15;0.35 (2.36 %);1.274.500;19143000000;0;0;14.75;15.15;14.75
412;CMX;2022-08-26;14.95;14.95;-0.25 (-1.64 %);1.301.100;19772000000;0;0;15.30;15.50;14.80
413;CMX;2022-08-29;14.70;14.70;-0.30 (-2.00 %);1.545.000;22439000000;0;0;14.60;14.75;14.20
414;CMX;2022-08-30;14.60;14.60;-0.10 (-0.68 %);845.2;12480000000;0;0;14.90;15.05;14.55
415;CMX;2022-08-31;15.20;15.20;0.60 (4.11 %);1.878.700;28176000000;0;0;14.50;15.25;14.50
416;CMX;2022-09-05;15.20;15.20;0.00 (0.00 %);1.314.700;20158000000;0;0;15.20;15.50;15.20
417;CMX;2022-09-06;14.95;14.95;-0.25 (-1.64 %);1.137.100;17224000000;0;0;15.10;15.45;14.95
418;CMX;2022-09-07;14.30;14.30;-0.70 (-4.67 %);1.301.500;19073000000;0;0;14.90;15.05;14.30
419;CMX;2022-09-08;14.20;14.20;-0.10 (-0.70 %);1.014.200;14448000000;0;0;14.55;14.55;14.10
420;CMX;2022-09-09;14.35;14.35;0.15 (1.06 %);982.7;13934000000;0;0;14.20;14.35;14.05
421;CMX;2022-09-12;14.25;14.25;-0.15 (-1.04 %);651.6;9338000000;0;0;14.60;14.60;14.20
422;CMX;2022-09-13;14.45;14.45;0.15 (1.05 %);783.2;11283000000;0;0;14.10;14.70;14.10
423;CMX;2022-09-14;14.40;14.40;-0.10 (-0.69 %);735.7;10475000000;0;0;14.15;14.45;14.10
424;CMX;2022-09-15;14.30;14.30;-0.10 (-0.69 %);663.8;9551000000;0;0;14.45;14.55;14.20
425;CMX;2022-09-16;13.90;13.90;-0.40 (-2.80 %);1.098.700;15433000000;0;0;14.25;14.30;13.80
426;CMX;2022-09-19;13.00;13.00;-0.90 (-6.47 %);1.665.600;22283000000;0;0;13.90;13.90;13.00
427;CMX;2022-09-20;13.20;13.20;0.20 (1.54 %);845.1;11018000000;0;0;13.10;13.85;12.75
428;CMX;2022-09-21;13.05;13.05;-0.15 (-1.14 %);663.8;8648000000;0;0;12.90;13.30;12.80
429;CMX;2022-09-22;13.25;13.25;0.15 (1.15 %);587.3;7707000000;0;0;13.00;13.25;12.90
430;CMX;2022-09-23;13.35;13.35;0.05 (0.38 %);741.4;9947000000;0;0;13.30;13.60;13.25
431;CMX;2022-09-26;12.55;12.55;-0.85 (-6.34 %);1.242.100;15793000000;0;0;13.10;13.20;12.45
432;CMX;2022-09-27;12.55;12.55;-0.05 (-0.40 %);503.9;6349000000;0;0;12.75;12.80;12.50
433;CMX;2022-09-28;12.30;12.30;-0.30 (-2.38 %);635;7912000000;0;0;12.60;12.65;12.25
434;CMX;2022-09-29;11.45;11.45;-0.85 (-6.91 %);851;10225000000;0;0;12.50;12.55;11.45
435;CMX;2022-09-30;11.40;11.40;-0.10 (-0.87 %);1.885.700;20553000000;0;0;11.25;11.45;10.65
436;CMX;2022-10-03;10.65;10.65;-0.75 (-6.58 %);682.3;7406000000;0;0;11.55;11.55;10.65
437;CMX;2022-10-04;10.15;10.15;-0.50 (-4.69 %);812.8;8549000000;0;0;10.80;10.85;10.15
438;CMX;2022-10-05;10.75;10.75;0.60 (5.91 %);656.4;6876000000;0;0;10.30;10.75;10.20
439;CMX;2022-10-06;10.35;10.35;-0.40 (-3.72 %);669.7;7089000000;0;0;10.85;10.85;10.35
440;CMX;2022-10-07;9.63;9.63;-0.72 (-6.96 %);1.353.000;13217000000;0;0;10.35;10.35;9.63
441;CMX;2022-10-10;9.60;9.60;-0.03 (-0.31 %);750.7;7102000000;0;0;9.01;9.80;9.01
442;CMX;2022-10-11;8.93;8.93;-0.67 (-6.98 %);797.3;7394000000;0;0;9.51;9.80;8.93
443;CMX;2022-10-12;9.55;9.55;0.62 (6.94 %);820.8;7541000000;0;0;8.65;9.55;8.65
444;CMX;2022-10-13;9.90;9.90;0.35 (3.66 %);628.3;6016000000;0;0;9.50;9.90;9.31
445;CMX;2022-10-14;10.20;10.20;0.30 (3.03 %);785.2;7913000000;0;0;10.40;10.40;9.91
446;CMX;2022-10-17;10.30;10.30;0.10 (0.98 %);552.5;5489000000;0;0;10.00;10.30;9.65
447;CMX;2022-10-18;10.25;10.25;-0.05 (-0.49 %);613.2;6277000000;0;0;10.30;10.35;10.15
448;CMX;2022-10-19;10.15;10.15;-0.10 (-0.98 %);623.4;6274000000;0;0;10.20;10.30;9.99
449;CMX;2022-10-20;9.70;9.70;-0.45 (-4.43 %);271.5;2682000000;20;188.8;9.98;10.05;9.70
450;CMX;2022-10-21;9.03;9.03;-0.67 (-6.91 %);769.8;7127000000;0;0;9.85;9.85;9.03
451;CMX;2022-10-24;8.40;8.40;-0.63 (-6.98 %);941.9;8086000000;0;0;9.07;9.07;8.40
452;CMX;2022-10-25;8.00;8.00;-0.40 (-4.76 %);684.4;5541000000;0;0;7.85;8.80;7.82
453;CMX;2022-10-26;8.06;8.06;0.06 (0.75 %);244.4;1965000000;0;0;7.93;8.30;7.93
454;CMX;2022-10-27;8.55;8.55;0.49 (6.08 %);416.1;3457000000;0;0;7.95;8.55;7.95
455;CMX;2022-10-28;8.59;8.59;0.04 (0.47 %);336.7;2884000000;0;0;8.60;8.77;8.42
456;CMX;2022-10-31;8.40;8.40;-0.19 (-2.21 %);227.4;1921000000;0;0;8.63;8.63;8.30
457;CMX;2022-11-01;8.50;8.50;0.10 (1.19 %);293.7;2502000000;0;0;8.40;8.60;8.40
458;CMX;2022-11-02;8.45;8.45;-0.05 (-0.59 %);241.9;2056000000;0;0;8.50;8.60;8.42
459;CMX;2022-11-03;8.22;8.22;-0.23 (-2.72 %);320;2659000000;0;0;8.30;8.44;8.20
460;CMX;2022-11-04;7.80;7.80;-0.42 (-5.11 %);709.6;5546000000;0;0;8.22;8.22;7.65
